Labels,Part,Source,Notes
"C1, C2, C6, C7, C9, C12, C13, C14, C16, C17, C21","Capacitor, 0603 0.1uF 25V X7R",1276-1006-1-ND,
C3,"Capacitor, 0603 10pF 16V+ NP0",1276-2152-1-ND,
"C4, C5","Capacitor, 0603 47pF 16V+ NP0",1276-1037-1-ND,
C8,"Capacitor, 0603 10uF 16V+ X5R+",587-3238-1-ND,
"C10, C11","Capacitor, 0603 22pF 16V+ NP0",1276-2228-1-ND,
"C15, C19","Capacitor, SMD 47uF 25V",493-2202-1-ND,
C18,"Capacitor, SMD 100uF 25V",493-2113-1-ND,
C20,"Capacitor, 0603 0.22uF 16V X7R",1276-1112-1-ND,
D1,"Diode GP, SOD-323 1N4148",1655-1359-1-ND,
D2,"Zener Diode Vz< 8V, SC-90",MM3Z5V1CCT-ND,
F1,"PTC, 1812 500mA >10V",MF-MSMF050-2CT-ND,
FB1,0805 Ferrite Bead 220 OHM 0805 1LN,490-1054-1-ND,
P1,"female swiss header .1"" 5 position straight",SAM1119-32-ND,
P2,"Mini B USB SMD, Right Angle, 5Pos",151-1206-1-ND,
P3,"4 Pos, Screw Terminal Block, 0.100"" pitch Through hole",ED10563-ND,
PWR1,DC 5.1mm power jack,CP-202A-ND,
Q1,BCV27 NPN Darlington Transistor SOT-23-3,BCV27CT-ND,
Q2,QRE1113,QRE1113GRCT-ND,
"Q3, Q4","P Channel Mosfet, SOT-23, DMG3415U-7",DMG3415UDICT-ND,
"R1, R2","Resistor, 0603, 22 Ohm, 5%",311-22GRCT-ND,
"R3, R4, R10","Resistor, 0603, 1k Ohm, 5%",311-1.0KGRCT-ND,
"R5, R7, R8, R11, R13, R14, R16, R24","Resistor, 0603, 10k Ohm, 1%",311-10.0KHRCT-ND,
"R6, R17, R19, R22","Resistor, 0603, 20k Ohm, 5%",311-20.0KHRCT-ND,
"R9, R18","Resistor, 0603, 100k Ohm, 5%",311-100KGRCT-ND,
R12,"Resistor, 0603, 100 Ohm, 5%",311-100GRCT-ND,
R15,"Resistor, 0603, 5.1k Ohm, 5%",311-5.1KGRCT-ND,
"R20, R23","Resistor, 0603, 0.11 Ohm, 1%",P17448CT-ND,
R21,"Resistor, 0603, 169k Ohm, 1%",311-169KHRCT-ND,
U1,Atmega329P TQFP32,ATMEGA328P-ANRCT-ND,
U2,FTDI USB to UART FT231XQ-R TQFP32,768-1128-1-ND,
U3,"LMV358IDGKR, Tail to Rail Op-Amp, 8-TSSOP",296-13455-1-ND,
U4,Allegro A4988,620-1343-1-ND,
U5,"5V Linear Regulator 5V 1A, SOT-223",NCP1117ST50T3GOSCT-ND,
Y1,HC49 16 Mhz Crystal,2151-AS-16.000-18-SMD-TRCT-ND,
